model,mse,mae
lr,26.4909453432726,2.1255681575790293
