model,mse,mae
rf,15.586951852570584,1.815791666666664
