model,mse,mae
svr,19.94119599861736,1.9328290270561492
