model,mse,mae
xgb,14.26350682773058,1.7329437891642252
